f80,f44,f81,f53,f111,f107,f56,f17,f73,f97,f124,f77,f106,Features.Skew.Mean,f52,f55,f117,f71,Features.PearsonCorrelation.Mean,FeaturesLabels.SpearmanCorrelation.StandardDeviation,Features.Kurtosis.StandardDeviation,Labels.Mean.NonAggregated,f113,f63,f22,f11,f5,f2,Features.SpearmanCorrelation.Mean,f96,f118,f103,f33,Features.Mean.StandardDeviation,f25,f78,f62,FeaturesLabels.SpearmanCorrelation.Mean,nonzero_vals_cnt,f110,f86,f40,f29,Labels.Kurtosis.NonAggregated,f120,f36,FeaturesLabels.PearsonCorrelation.StandardDeviation,f122,f121,f94,f57,f19,f83,f112,Features.Mean.Mean,instances,f38,f65,Features.Kurtosis.Mean,f13,f105,f109,f45,f49,f69,f16,f50,f32,Features.SpearmanCorrelation.StandardDeviation,f84,f51,f54,f18,f3,f64,f98,Features.PearsonCorrelation.StandardDeviation,f92,dimensionality,f123,f14,f85,f67,f114,f95
10.761341308750001,11.053160665,6.06396377,5.524266245,3.2461216449999997,3.202071665,5.7198785133333345,15.7656517,4.86625874,10.740290564,5.552762506250001,6.078109418333334,7.44314146,6.58472077,3.7757041449999997,8.83466626,3.38185263,4.017225312,5.2655993296000005,7.395865829090909,3.2040900800000003,8.9273386,5.472959514999999,5.714154010000001,3.2690995325000003,4.048113785000001,3.2538631,5.530687925,6.82349634,5.55383301,3.488667486666666,9.56790066,4.222741245,3.2686698400000003,5.18811083,8.444846946666667,7.657362553333333,5.349307856666667,3.849099635,3.79259008,3.7898122875,6.165214132500001,4.915218475,3.2701641325,2.27865028,5.855628255,4.16216767,10.2692642,7.678171966666667,8.63250923,3.36346507,2.8538921475000003,2.5665494200000003,3.4985201349999997,4.5684648333333335,3.5462590066666664,3.7256316525,6.4973912,3.1636346166666662,2.1652770833333332,8.46850777,4.1451746599999995,2.79015088,3.26715946,3.62000215,5.79191065,2.28829956,2.02633309,2.94668865,6.72022581,3.3180675500000003,2.02784514,2.5114188680000002,2.28680992,2.8649730283333334,2.22278881,3.648012672857143,2.4370299600000003,3.92642349,2.619281532,2.02044034,2.00080299,2.49895716,2.38722539,2.04366255
