f80,f44,f81,f53,f111,f107,f56,f17,f73,f97,f124,f77,f106,Features.Skew.Mean,f52,f55,f117,f71,Features.PearsonCorrelation.Mean,FeaturesLabels.SpearmanCorrelation.StandardDeviation,Features.Kurtosis.StandardDeviation,Labels.Mean.NonAggregated,f113,f63,f22,f11,f5,f2,Features.SpearmanCorrelation.Mean,f96,f118,f103,f33,Features.Mean.StandardDeviation,f25,f78,f62,FeaturesLabels.SpearmanCorrelation.Mean,nonzero_vals_cnt,f110,f86,f40,f29,Labels.Kurtosis.NonAggregated,f120,f36,FeaturesLabels.PearsonCorrelation.StandardDeviation,f122,f121,f94,f57,f19,f83,f112,Features.Mean.Mean,instances,f38,f65,Features.Kurtosis.Mean,f13,f105,f109,f45,f49,f69,f16,f50,f32,Features.SpearmanCorrelation.StandardDeviation,f84,f51,f54,f18,f3,f64,f98,Features.PearsonCorrelation.StandardDeviation,f92,dimensionality,f123,f14,f85,f67,f114,f95
2.2220810391250003,5.139747633,3.0705378415,2.907675773,0.9860809750999999,3.9474894705,1.903694192,3.233180495,2.09205074785,1.51078016092,1.3267311861750002,1.0664379172666667,3.75779104,2.039692221333333,0.7291666265,2.688372773333333,2.39648104,0.5843472022999999,0.6209771081119998,0.7755012193454545,0.5392436935500001,2.03171539,1.3964833625,0.9750954485000002,0.8757144162,0.7888322485499999,0.0169835091,1.8473022599999998,2.16189623,0.877767086,0.7770311688333332,3.39938736,1.7660243235000002,0.54456692775,2.08792663,1.0187979653333332,1.170386365,0.9413646323333333,0.40430401274999994,0.12274392342500001,0.25662549845,0.5094527732,1.5564143650000002,0.178724404175,0.886538386,0.596612543,0.4282337725,1.41976976,0.644931573,1.110134661,0.850724816,0.3833197655,0.5092113351499999,0.3642886875,0.31168642081666664,0.17657138355,0.156133234625,0.33148439220000003,0.31493056546666665,0.37229110043333336,0.418639034,0.26716521633333334,0.580756187,0.478620559,0.304161962,0.681568384,0.21519956,0.167987436,0.271495908,0.36689220349999996,0.31695729500000003,0.156955242,0.11483770750000002,0.180238187,0.10466371481666666,0.159027547,0.07796847609999999,0.150345225,0.08821873927500001,0.09624319382,0.105720252,0.00125352666,0.10377951,0.0949429721,0.0840195492
