f11,attributes total,f21,f49,f67,f4,f1,f80,f25,f22,Labels.Kurtosis.NonAggregated,f14,f116,f20,dimensionality,f52,f2,Labels.Skew.NonAggregated,Features.PearsonCorrelation.Mean,f121,FeaturesLabels.SpearmanCorrelation.Mean,f39,f7,f97,f113,f88,f56,Features.Kurtosis.Mean,Features.PearsonCorrelation.StandardDeviation,Features.Mean.Mean,f18,f47,f94,Features.SpearmanCorrelation.Mean,FeaturesLabels.SpearmanCorrelation.StandardDeviation,f78,instances,f73,f41,Features.Skew.StandardDeviation,f115,f74,f77,f105,f63,f123,f46,f101,f86,f89,f44,f10,f33,f26,f96,Labels.Mean.NonAggregated,f76,f54,FeaturesLabels.PearsonCorrelation.StandardDeviation,f108,f117,f69,f8,f124,f119,Features.Kurtosis.StandardDeviation,Features.Skew.Mean,f93,f91,f40,FeaturesLabels.PearsonCorrelation.Mean,f111,f23,f3,f62,f28,f57,f114,f30,f110,f36
2.608176827541667,3.8480800238333335,0.5428172525428571,8.74459362,7.888515,1.4660635,1.18787885,2.0888127379999997,0.4212970959058824,0.0232200623,1.4842330559,3.3273291599999997,0.5656427664857143,4.17220402,1.5933924586000001,3.2868147266666674,0.3215606808,0.8212536169625,0.6055206777625001,1.4915566645285712,1.2073655007100002,1.9854394800000001,1.3610783423333335,1.96412277,3.33059359,1.367341847375,1.82974958,1.5559395839999999,1.68210697,0.6647405565,1.0877730525,2.13819361,3.54094458,0.5979146873399999,3.44438887,0.919499695,1.4376809015,1.5589806904999999,0.16042344799,0.36459661822,0.4377841892,1.50069976,0.407829046,0.182361126,2.1520648,1.14264238,0.109088182,0.33558505543333333,0.5504586383333333,0.28669417923333335,1.0056105855,0.724996746,0.201260855375,1.05176723,0.0878367424,0.594939977,0.587732673,0.634302616,0.2659838011,0.40372866399999996,0.17481770367142854,0.689310372,0.299350977,0.13587053305,0.254364908,0.19810020935,0.19505794866666668,0.262949467,0.286975443,0.063101235775,0.24122712750000003,0.12093858786666667,0.288449615,0.268315256,0.199893966,0.203141302,0.132482663,0.166210651,0.136126608,0.08585274716666667,0.0827402771
