f11,attributes total,f21,f49,f67,f4,f1,f80,f25,f22,Labels.Kurtosis.NonAggregated,f14,f116,f20,dimensionality,f52,f2,Labels.Skew.NonAggregated,Features.PearsonCorrelation.Mean,f121,FeaturesLabels.SpearmanCorrelation.Mean,f39,f7,f97,f113,f88,f56,Features.Kurtosis.Mean,Features.PearsonCorrelation.StandardDeviation,Features.Mean.Mean,f18,f47,f94,Features.SpearmanCorrelation.Mean,FeaturesLabels.SpearmanCorrelation.StandardDeviation,f78,instances,f73,f41,Features.Skew.StandardDeviation,f115,f74,f77,f105,f63,f123,f46,f101,f86,f89,f44,f10,f33,f26,f96,Labels.Mean.NonAggregated,f76,f54,FeaturesLabels.PearsonCorrelation.StandardDeviation,f108,f117,f69,f8,f124,f119,Features.Kurtosis.StandardDeviation,Features.Skew.Mean,f93,f91,f40,FeaturesLabels.PearsonCorrelation.Mean,f111,f23,f3,f62,f28,f57,f114,f30,f110,f36
9.946222203333335,8.57753078,3.7097571571428576,16.75,6.0,3.25,2.75,6.45831263,4.929346545294118,8.5,6.400196879999999,8.029888855,3.5910217757142857,3.80756021,5.259927564,3.55859939,2.429853915,5.507471675,4.06970432375,9.074463055714286,5.355301621,3.899935605,6.3635772866666676,2.88786006,4.13772964,7.1683213225,3.51206756,8.361023805,11.4502649,6.223256906666666,5.68977678,15.118389433333334,16.1419029,3.637590289,9.37693787,4.098546745,3.09600222,2.930493235,2.659678506,3.78008716,3.3494073533333335,4.61314392,3.05753183,3.63569975,6.09180164,4.50551224,3.39863157,3.8357555866666666,3.8626798,4.264095655,5.4124431600000005,3.40709996,4.014915705,2.22513723,2.70671082,4.918289305,4.13874912,4.40128469,4.6897495975,3.020154235,3.0268309457142855,6.50040722,2.32654953,3.19996218,2.41881037,3.425697445,2.177454153333333,2.86156631,3.14875197,2.6163971425,2.91718233,3.670221806666666,2.46793532,2.05931926,2.47546148,2.68727636,2.08954716,2.09131074,2.20102262,3.256011726666667,2.16350269
